{"song": {"player1": "bf", "player2": "dad", "notes": [{"typeOfSection": 0, "lengthInSteps": 16, "altAnim": false, "mustHitSection": true, "SongBPM": 128, "sectionNotes": [[117.188, 3, 261.9140625, ""], [351.563, 0, 0, ""], [820.313, 1, 0, ""], [585.938, 2, 0, ""], [820.313, 1, 0, ""], [351.563, 1, 720.8984375, ""], [1054.688, 0, 0, ""], [351.563, 1, 862.5, ""], [1054.688, 2, 359.5703125, ""], [1523.438, 0, 0, ""], [1523.438, 0, 0, ""], [1289.063, 1, 427.9296875, ""], [1406.25, 3, 369.3359375, ""], [1289.063, 2, 799.0234375, ""], [1289.063, 3, 886.9140625, ""], [1523.438, 1, 764.84375, ""], [1523.438, 2, 1121.2890625, ""], [1523.438, 3, 1326.3671875, ""]]}, {"typeOfSection": 0, "lengthInSteps": 16, "altAnim": false, "mustHitSection": true, "SongBPM": 128, "sectionNotes": [[1992.188, 1, 0, ""], [1992.188, 2, 0, ""], [2343.75, 0, 0, ""], [2578.125, 0, 0, ""], [2929.688, 2, 0, ""], [3164.063, 1, 0, ""], [3164.063, 1, 0, ""], [3515.625, 2, 0, ""], [3046.875, 0, 598.828125, ""], [3164.063, 2, 608.59375, ""], [3632.813, 1, 0, ""], [3164.063, 3, 642.7734375, ""], [3046.875, 1, 916.2109375, ""]]}, {"typeOfSection": 0, "lengthInSteps": 16, "altAnim": false, "mustHitSection": true, "SongBPM": 128, "sectionNotes": [[4218.75, 0, 0, ""], [3984.375, 1, 257.03125, ""], [4335.938, 3, 0, "Hurt Note"], [4335.938, 0, 0, ""], [4218.75, 3, 486.5234375, ""], [4570.313, 3, 0, "Hurt Note"], [4570.313, 0, 0, ""], [4804.688, 3, 0, "Hurt Note"], [4804.688, 0, 0, ""], [4570.313, 1, 330.2734375, ""], [5039.063, 0, 0, ""], [4570.313, 0, 730.6640625, "Hurt Note"], [4570.313, 3, 730.6640625, ""], [4804.688, 1, 530.46875, "Hurt Note"], [4804.688, 2, 530.46875, ""], [5039.063, 0, 506.0546875, ""], [5507.813, 1, 0, ""], [5507.813, 1, 242.3828125, ""], [5507.813, 2, 545.1171875, ""], [5039.063, 2, 1775.5859375, "Challenge Note"], [5039.063, 2, 1775.5859375, "Challenge Note"]]}, {"typeOfSection": 0, "lengthInSteps": 16, "altAnim": false, "mustHitSection": true, "SongBPM": 128, "sectionNotes": [[5625.0, 2, 0, ""], [5859.375, 3, 0, ""], [5625.0, 3, 335.15625, ""], [6093.75, 2, 0, ""], [6328.125, 2, 0, "Hurt Note"], [6328.125, 1, 0, ""], [6562.5, 1, 0, "Hurt Note"], [6562.5, 2, 0, ""], [6328.125, 1, 261.9140625, ""], [7031.25, 0, 0, ""], [6914.063, 1, 0, ""], [7031.25, 3, 0, "Hurt Note"], [7031.25, 0, 0, ""], [7148.438, 3, 0, "Hurt Note"], [7148.438, 0, 0, ""], [7031.25, 2, 296.09375, ""], [7148.438, 3, 276.5625, "Hurt Note"], [7148.438, 0, 276.5625, ""], [7382.813, 2, 0, "Hurt Note"], [7382.813, 1, 0, ""]]}], "isHey": false, "cutsceneType": "none", "song": "untitled", "isSpooky": false, "validScore": true, "speed": "2.0", "isMoody": false, "sectionLengths": [], "uiType": "normal", "stage": "stage", "sections": 0, "needsVoices": true, "bpm": 128, "gf": "gf", "gfVersion": "gf"}}